{
  "ents_p":93.8066465257,
  "las":0.0,
  "tags_acc":99.9810018365,
  "uas":0.0,
  "ents_r":97.03125,
  "token_acc":100.0,
  "ents_f":95.3917050691
}