{
  "ents_p":93.3734939759,
  "las":0.0,
  "tags_acc":99.9810018365,
  "uas":0.0,
  "ents_r":96.875,
  "token_acc":100.0,
  "ents_f":95.0920245399
}