{
  "tags_acc":99.9702114984,
  "ents_f":43.0894308943,
  "ents_p":63.7019230769,
  "las":0.0,
  "uas":0.0,
  "ents_r":32.5552825553,
  "token_acc":100.0
}