{
  "las":0.0,
  "token_acc":100.0,
  "ents_p":96.2601626016,
  "uas":0.0,
  "tags_acc":99.9743425273,
  "ents_r":97.8512396694,
  "ents_f":97.0491803279
}