{
  "vectors":{
    "vectors":0,
    "width":0,
    "keys":0
  },
  "version":"0.0.0",
  "name":"unnamed",
  "speed":{
    "nwords":7797,
    "gpu":null,
    "cpu":15370.1613885925
  },
  "lang":"en",
  "accuracy":{
    "las":0.0,
    "token_acc":100.0,
    "ents_p":89.6923076923,
    "uas":0.0,
    "tags_acc":99.9743425273,
    "ents_r":96.3636363636,
    "ents_f":92.9083665339
  },
  "pipeline":[
    "ner"
  ],
  "spacy_version":">=2.0.11"
}