{
  "ents_p":89.8826979472,
  "las":0.0,
  "tags_acc":99.9810018365,
  "uas":0.0,
  "ents_r":95.78125,
  "token_acc":100.0,
  "ents_f":92.7382753404
}