{
  "ents_p":91.2462908012,
  "las":0.0,
  "tags_acc":99.9810018365,
  "uas":0.0,
  "ents_r":96.09375,
  "token_acc":100.0,
  "ents_f":93.6073059361
}