{
  "las":0.0,
  "token_acc":100.0,
  "ents_p":88.198757764,
  "uas":0.0,
  "tags_acc":99.9743425273,
  "ents_r":93.8842975207,
  "ents_f":90.9527622098
}