{
  "las":0.0,
  "token_acc":100.0,
  "ents_p":86.2646566164,
  "uas":0.0,
  "tags_acc":99.9743425273,
  "ents_r":85.1239669421,
  "ents_f":85.690515807
}