{
  "las":0.0,
  "token_acc":100.0,
  "ents_p":89.8617511521,
  "uas":0.0,
  "tags_acc":99.9743425273,
  "ents_r":96.694214876,
  "ents_f":93.152866242
}