{
  "ents_p":68.2864450128,
  "las":0.0,
  "tags_acc":99.9810018365,
  "uas":0.0,
  "ents_r":41.71875,
  "token_acc":100.0,
  "ents_f":51.7943743938
}