{
  "ents_p":87.1532846715,
  "las":0.0,
  "tags_acc":99.9810018365,
  "uas":0.0,
  "ents_r":93.28125,
  "token_acc":100.0,
  "ents_f":90.1132075472
}