{
  "las":0.0,
  "token_acc":100.0,
  "ents_p":88.5321100917,
  "uas":0.0,
  "tags_acc":99.9743425273,
  "ents_r":95.7024793388,
  "ents_f":91.9777601271
}