{
  "tags_acc":99.9702114984,
  "ents_f":78.8189987163,
  "ents_p":82.5268817204,
  "las":0.0,
  "uas":0.0,
  "ents_r":75.42997543,
  "token_acc":100.0
}