{
  "ents_p":92.5261584454,
  "las":0.0,
  "tags_acc":99.9810018365,
  "uas":0.0,
  "ents_r":96.71875,
  "token_acc":100.0,
  "ents_f":94.5760122231
}