{
  "ents_p":92.0777279522,
  "las":0.0,
  "tags_acc":99.9810018365,
  "uas":0.0,
  "ents_r":96.25,
  "token_acc":100.0,
  "ents_f":94.1176470588
}