{
  "ents_p":85.5457227139,
  "las":0.0,
  "tags_acc":99.9810018365,
  "uas":0.0,
  "ents_r":90.625,
  "token_acc":100.0,
  "ents_f":88.0121396055
}