{
  "ents_p":94.3854324734,
  "las":0.0,
  "tags_acc":99.9810018365,
  "uas":0.0,
  "ents_r":97.1875,
  "token_acc":100.0,
  "ents_f":95.765973826
}