{
  "ents_p":92.6536731634,
  "las":0.0,
  "tags_acc":99.9810018365,
  "uas":0.0,
  "ents_r":96.5625,
  "token_acc":100.0,
  "ents_f":94.5677123183
}