{
  "las":0.0,
  "token_acc":100.0,
  "ents_p":91.4330218069,
  "uas":0.0,
  "tags_acc":99.9743425273,
  "ents_r":97.0247933884,
  "ents_f":94.1459502807
}