{
  "ents_p":90.4270986745,
  "las":0.0,
  "tags_acc":99.9810018365,
  "uas":0.0,
  "ents_r":95.9375,
  "token_acc":100.0,
  "ents_f":93.1008339651
}