{
  "ents_p":83.7797619048,
  "las":0.0,
  "tags_acc":99.9810018365,
  "uas":0.0,
  "ents_r":87.96875,
  "token_acc":100.0,
  "ents_f":85.8231707317
}