{
  "las":0.0,
  "token_acc":100.0,
  "ents_p":94.7030497592,
  "uas":0.0,
  "tags_acc":99.9743425273,
  "ents_r":97.520661157,
  "ents_f":96.0912052117
}