{
  "las":0.0,
  "token_acc":100.0,
  "ents_p":90.1234567901,
  "uas":0.0,
  "tags_acc":99.9743425273,
  "ents_r":96.5289256198,
  "ents_f":93.2162809258
}