{
  "ents_p":81.308411215,
  "las":0.0,
  "tags_acc":99.9810018365,
  "uas":0.0,
  "ents_r":81.5625,
  "token_acc":100.0,
  "ents_f":81.4352574103
}