{
  "las":0.0,
  "token_acc":100.0,
  "ents_p":96.0975609756,
  "uas":0.0,
  "tags_acc":99.9743425273,
  "ents_r":97.6859504132,
  "ents_f":96.8852459016
}