{
  "vectors":{
    "vectors":0,
    "width":0,
    "keys":0
  },
  "version":"0.0.0",
  "name":"unnamed",
  "speed":{
    "nwords":7797,
    "gpu":null,
    "cpu":16998.6687406543
  },
  "lang":"en",
  "accuracy":{
    "las":0.0,
    "token_acc":100.0,
    "ents_p":96.0975609756,
    "uas":0.0,
    "tags_acc":99.9743425273,
    "ents_r":97.6859504132,
    "ents_f":96.8852459016
  },
  "pipeline":[
    "ner"
  ],
  "spacy_version":">=2.0.11"
}