{
  "las":0.0,
  "token_acc":100.0,
  "ents_p":95.4911433172,
  "uas":0.0,
  "tags_acc":99.9743425273,
  "ents_r":98.0165289256,
  "ents_f":96.7373572594
}