{
  "las":0.0,
  "token_acc":100.0,
  "ents_p":93.6406995231,
  "uas":0.0,
  "tags_acc":99.9743425273,
  "ents_r":97.3553719008,
  "ents_f":95.4619124797
}