{
  "ents_p":76.3698630137,
  "las":0.0,
  "tags_acc":99.9810018365,
  "uas":0.0,
  "ents_r":69.6875,
  "token_acc":100.0,
  "ents_f":72.8758169935
}