{
  "las":0.0,
  "token_acc":100.0,
  "ents_p":90.57187017,
  "uas":0.0,
  "tags_acc":99.9743425273,
  "ents_r":96.8595041322,
  "ents_f":93.6102236422
}