{
  "ents_p":91.381872214,
  "las":0.0,
  "tags_acc":99.9810018365,
  "uas":0.0,
  "ents_r":96.09375,
  "token_acc":100.0,
  "ents_f":93.6785986291
}