{
  "ents_p":88.6297376093,
  "las":0.0,
  "tags_acc":99.9810018365,
  "uas":0.0,
  "ents_r":95.0,
  "token_acc":100.0,
  "ents_f":91.7043740573
}