{
  "ents_p":88.9374090247,
  "las":0.0,
  "tags_acc":99.9810018365,
  "uas":0.0,
  "ents_r":95.46875,
  "token_acc":100.0,
  "ents_f":92.0874152223
}