{
  "ents_p":81.4479638009,
  "las":0.0,
  "tags_acc":99.9810018365,
  "uas":0.0,
  "ents_r":84.375,
  "token_acc":100.0,
  "ents_f":82.8856485035
}