{
  "las":0.0,
  "token_acc":100.0,
  "ents_p":93.0489731438,
  "uas":0.0,
  "tags_acc":99.9743425273,
  "ents_r":97.3553719008,
  "ents_f":95.1534733441
}