{
  "las":0.0,
  "token_acc":100.0,
  "ents_p":88.1329113924,
  "uas":0.0,
  "tags_acc":99.9743425273,
  "ents_r":92.0661157025,
  "ents_f":90.0565885206
}