{
  "vectors":{
    "vectors":0,
    "width":0,
    "keys":0
  },
  "version":"0.0.0",
  "name":"unnamed",
  "speed":{
    "nwords":7797,
    "gpu":null,
    "cpu":15830.3425822654
  },
  "lang":"en",
  "accuracy":{
    "las":0.0,
    "token_acc":100.0,
    "ents_p":88.1329113924,
    "uas":0.0,
    "tags_acc":99.9743425273,
    "ents_r":92.0661157025,
    "ents_f":90.0565885206
  },
  "pipeline":[
    "ner"
  ],
  "spacy_version":">=2.0.11"
}