{
  "tags_acc":99.9702114984,
  "ents_f":67.9478380233,
  "ents_p":76.9828926905,
  "las":0.0,
  "uas":0.0,
  "ents_r":60.8108108108,
  "token_acc":100.0
}