{
  "las":0.0,
  "token_acc":100.0,
  "ents_p":89.2307692308,
  "uas":0.0,
  "tags_acc":99.9743425273,
  "ents_r":95.867768595,
  "ents_f":92.4302788845
}