{
  "las":0.0,
  "token_acc":100.0,
  "ents_p":87.1335504886,
  "uas":0.0,
  "tags_acc":99.9743425273,
  "ents_r":88.4297520661,
  "ents_f":87.7768662838
}