{
  "vectors":{
    "vectors":0,
    "width":0,
    "keys":0
  },
  "version":"0.0.0",
  "name":"unnamed",
  "speed":{
    "nwords":7797,
    "gpu":null,
    "cpu":15692.2985668674
  },
  "lang":"en",
  "accuracy":{
    "las":0.0,
    "token_acc":100.0,
    "ents_p":87.1335504886,
    "uas":0.0,
    "tags_acc":99.9743425273,
    "ents_r":88.4297520661,
    "ents_f":87.7768662838
  },
  "pipeline":[
    "ner"
  ],
  "spacy_version":">=2.0.11"
}