{
  "las":0.0,
  "token_acc":100.0,
  "ents_p":92.1630094044,
  "uas":0.0,
  "tags_acc":99.9743425273,
  "ents_r":97.1900826446,
  "ents_f":94.6098149638
}